Source.Name,Game Completed Date,Team,Outcome,Imposter Kills,Game Length,Ejected,Sabotages Fixed,Rank Change,Region/Game Code,,,,
User1,12/13/2020 at 12:41:55 am EST,Imposter,Win,2,08m 05s,No,N/A,+++,Europe / QIRTNF,,,Outcome Frequency,
User1,12/11/2020 at 2:04:26 pm EST,Imposter,Loss,3,15m 52s,Yes,N/A,-,Europe / ONSJWQ,,,Win,261
User1,12/10/2020 at 10:41:43 pm EST,Imposter,Loss,2,18m 01s,No,N/A,-,NA / EYNONF,,,Loss,205
User1,12/10/2020 at 12:30:51 am EST,Imposter,Loss,1,02m 35s,Yes,N/A,N/A,Europe / KTQRWQ,,,,
User1,12/09/2020 at 11:52:22 pm EST,Imposter,Loss,2,19m 39s,No,N/A,-,Europe / BNDUNF,,,,
User1,12/09/2020 at 11:18:13 pm EST,Imposter,Win,5,12m 43s,No,N/A,+++,Europe / BNDUNF,,,,
User1,12/09/2020 at 10:49:00 pm EST,Imposter,Win,1,15m 50s,No,N/A,+++,Europe / BNDUNF,,,,
User1,12/09/2020 at 10:13:30 pm EST,Imposter,Loss,2,14m 59s,No,N/A,-,Europe / BNDUNF,,,,
User1,12/09/2020 at 9:06:43 pm EST,Imposter,Loss,2,12m 54s,Yes,N/A,-,Europe / EUUZDF,,,,
User1,12/09/2020 at 12:39:08 am EST,Imposter,Win,1,18m 16s,No,N/A,+++,NA / TVPSDF,,,,
User1,12/08/2020 at 11:27:16 pm EST,Imposter,Win,3,11m 55s,No,N/A,+++,Europe / VTTXQQ,,,,
User1,12/08/2020 at 10:03:02 pm EST,Imposter,Win,2,12m 36s,No,N/A,+++,Europe / VTTXQQ,,,,
User1,12/08/2020 at 9:47:41 pm EST,Imposter,Loss,1,01m 28s,Yes,N/A,N/A,Europe / RLNKUF,,,,
User1,12/08/2020 at 12:30:22 am EST,Imposter,Win,3,08m 55s,No,N/A,+++,NA / FATWCF,,,,
User1,12/07/2020 at 11:24:17 pm EST,Imposter,Win,5,05m 40s,No,N/A,+++,NA / IKPWHF,,,,
User1,12/07/2020 at 10:18:22 pm EST,Imposter,Win,2,07m 46s,No,N/A,+++,NA / IKPWHF,,,,
User1,12/07/2020 at 10:01:00 pm EST,Imposter,Win,0,00m 00s,No,N/A,N/A,NA / RTAXDF,,,,
User1,12/07/2020 at 8:58:39 pm EST,Imposter,Loss,2,10m 34s,Yes,N/A,-,NA / ITURDF,,,,
User1,12/06/2020 at 9:31:27 pm EST,Imposter,Loss,1,11m 31s,No,N/A,--,NA / JKQLUF,,,,
User1,12/06/2020 at 3:14:08 pm EST,Imposter,Win,2,11m 59s,No,N/A,+++,Europe / HRGJOF,,,,
User1,12/06/2020 at 2:57:33 pm EST,Imposter,Win,2,00m 49s,No,N/A,N/A,Europe / HRGJOF,,,,
User1,12/06/2020 at 2:55:28 pm EST,Imposter,Win,3,08m 47s,No,N/A,+++,Europe / HRGJOF,,,,
User1,12/05/2020 at 11:45:54 pm EST,Imposter,Win,4,21m 23s,No,N/A,+++,Europe / RUFQCF,,,,
User10,12/13/2020 at 4:20:16 pm EST,Imposter,Loss,2,05m 36s,No,N/A,-,NA / GTJRIF,,,,
User10,12/13/2020 at 3:44:47 pm EST,Imposter,Loss,3,15m 04s,No,N/A,-,NA / GTJRIF,,,,
User10,12/11/2020 at 3:10:56 pm EST,Imposter,Loss,1,11m 00s,Yes,N/A,--,Europe / BFRJCF,,,,
User10,12/11/2020 at 2:53:26 pm EST,Imposter,Loss,1,18m 01s,Yes,N/A,--,Europe / BFRJCF,,,,
User10,12/11/2020 at 2:20:37 pm EST,Imposter,Win,2,14m 25s,No,N/A,+++,Europe / ONSJWQ,,,,
User10,12/11/2020 at 11:17:48 am EST,Imposter,Loss,3,06m 51s,No,N/A,-,NA / OHNBGF,,,,
User10,12/08/2020 at 9:31:17 pm EST,Imposter,Loss,0,07m 16s,No,N/A,--,Europe / RLNKUF,,,,
User10,12/08/2020 at 9:14:12 pm EST,Imposter,Loss,2,08m 50s,Yes,N/A,-,Europe / OUBRXQ,,,,
User10,12/08/2020 at 4:47:32 pm EST,Imposter,Win,3,00m 48s,No,N/A,N/A,Europe / LWIRQQ,,,,
User10,12/08/2020 at 4:45:30 pm EST,Imposter,Win,2,02m 25s,No,N/A,N/A,Europe / LWIRQQ,,,,
User10,12/08/2020 at 4:41:32 pm EST,Imposter,Win,1,04m 51s,No,N/A,N/A,Europe / LWIRQQ,,,,
User10,12/08/2020 at 4:21:22 pm EST,Imposter,Win,2,01m 42s,No,N/A,N/A,Europe / TVDBQQ,,,,
User10,12/06/2020 at 9:19:00 pm EST,Imposter,Loss,2,04m 35s,Yes,N/A,N/A,NA / NPLFEQ,,,,
User10,12/06/2020 at 3:06:12 pm EST,Imposter,Win,3,03m 35s,No,N/A,N/A,Europe / HLNTRQ,,,,
User10,12/05/2020 at 9:19:55 pm EST,Imposter,Win,2,03m 12s,No,N/A,N/A,NA / BSXYYQ,,,,
User10,12/05/2020 at 1:11:39 am EST,Imposter,Loss,2,08m 26s,Yes,N/A,-,NA / MOCDTQ,,,,
User10,12/05/2020 at 1:00:58 am EST,Imposter,Win,4,06m 12s,No,N/A,+++,NA / SSMMYQ,,,,
User10,12/04/2020 at 5:56:24 pm EST,Imposter,Loss,1,17m 22s,No,N/A,--,NA / NLKPHF,,,,
User10,12/04/2020 at 4:02:29 pm EST,Imposter,Win,2,06m 59s,No,N/A,+++,Europe / WTGAJF,,,,
User10,12/04/2020 at 2:37:06 pm EST,Imposter,Win,2,02m 11s,No,N/A,N/A,Europe / WJVDJF,,,,
User10,12/04/2020 at 2:33:15 pm EST,Imposter,Win,1,00m 29s,No,N/A,N/A,Europe / AKGECF,,,,
User10,12/03/2020 at 11:30:15 pm EST,Imposter,Win,1,07m 42s,No,N/A,+++,Europe / OUAACF,,,,
User10,12/03/2020 at 10:43:54 pm EST,Imposter,Win,3,13m 31s,No,N/A,+++,Europe / OUAACF,,,,
User10,12/03/2020 at 9:40:26 pm EST,Imposter,Loss,3,25m 20s,Yes,N/A,-,Europe / OUAACF,,,,
User11,12/13/2020 at 10:15:57 pm EST,Imposter,Loss,3,08m 38s,No,N/A,-,NA / GFAXDF,,,,
User11,12/13/2020 at 10:06:47 pm EST,Imposter,Win,3,07m 30s,No,N/A,+++,NA / GFAXDF,,,,
User11,12/13/2020 at 9:15:58 pm EST,Imposter,Loss,0,03m 37s,Yes,N/A,N/A,NA / GFAXDF,,,,
User11,12/09/2020 at 9:32:37 pm EST,Imposter,Loss,3,11m 40s,Yes,N/A,-,NA / LDTHVF,,,,
User11,12/09/2020 at 9:19:49 pm EST,Imposter,Win,4,09m 47s,No,N/A,+++,NA / LDTHVF,,,,
User11,12/08/2020 at 11:20:29 pm EST,Imposter,Win,2,08m 46s,No,N/A,+++,NA / DTPRHF,,,,
User11,12/08/2020 at 10:49:55 pm EST,Imposter,Win,2,08m 00s,No,N/A,+++,NA / DTPRHF,,,,
User11,12/07/2020 at 10:18:28 pm EST,Imposter,Win,2,07m 48s,No,N/A,+++,NA / XVMZZF,,,,
User11,12/07/2020 at 9:56:50 pm EST,Imposter,Win,3,11m 49s,No,N/A,+++,NA / IKBYZF,,,,
User12,12/17/2020 at 2:23:17 am EST,Imposter,Win,2,09m 23s,No,N/A,+++,NA / NVAFCF,,,,
User12,12/17/2020 at 1:29:28 am EST,Imposter,Loss,1,14m 25s,No,N/A,--,NA / NVAFCF,,,,
User12,12/17/2020 at 12:00:34 am EST,Imposter,Win,1,08m 24s,No,N/A,+++,NA / NVAFCF,,,,
User12,12/16/2020 at 10:55:28 pm EST,Imposter,Loss,2,12m 33s,Yes,N/A,-,NA / VQXHFF,,,,
User12,12/16/2020 at 9:10:07 pm EST,Imposter,Loss,4,14m 41s,No,N/A,-,NA / RDVGNF,,,,
User12,12/16/2020 at 8:54:36 pm EST,Imposter,Loss,1,13m 44s,No,N/A,--,NA / RDVGNF,,,,
User12,12/16/2020 at 8:28:50 pm EST,Imposter,Win,4,10m 15s,No,N/A,+++,NA / UZSYCF,,,,
User12,12/16/2020 at 5:10:59 pm EST,Imposter,Loss,1,16m 16s,No,N/A,--,Europe / UPWUGF,,,,
User12,12/16/2020 at 1:34:52 am EST,Imposter,Loss,4,16m 07s,No,N/A,-,NA / FFNSNF,,,,
User12,12/16/2020 at 1:17:54 am EST,Imposter,Loss,3,16m 57s,No,N/A,-,NA / FFNSNF,,,,
User12,12/15/2020 at 2:40:34 am EST,Imposter,Win,1,10m 41s,Yes,N/A,+++,NA / JBLSZF,,,,
User12,12/08/2020 at 2:29:50 am EST,Imposter,Win,2,04m 33s,No,N/A,N/A,NA / HNXTJF,,,,
User12,12/08/2020 at 1:34:32 am EST,Imposter,Win,1,02m 37s,No,N/A,N/A,NA / FATWCF,,,,
User12,12/07/2020 at 10:18:21 pm EST,Imposter,Win,2,08m 25s,No,N/A,+++,NA / IKPWHF,,,,
User12,12/07/2020 at 2:07:09 am EST,Imposter,Loss,2,16m 02s,No,N/A,-,NA / HUTXKF,,,,
User12,12/06/2020 at 5:21:11 pm EST,Imposter,Loss,2,02m 31s,Yes,N/A,N/A,NA / COXPUF,,,,
User12,12/06/2020 at 5:14:16 pm EST,Imposter,Win,3,03m 47s,No,N/A,N/A,NA / COXPUF,,,,
User12,12/06/2020 at 4:12:28 pm EST,Imposter,Win,3,09m 12s,No,N/A,+++,Europe / DSYWJF,,,,
User12,12/06/2020 at 3:32:07 am EST,Imposter,Loss,2,20m 12s,No,N/A,-,Europe / RUFQCF,,,,
User12,11/29/2020 at 8:50:39 pm EST,Imposter,Loss,2,17m 29s,No,N/A,-,NA / MSVQUF,,,,
User12,11/29/2020 at 7:51:54 pm EST,Imposter,Win,2,10m 29s,No,N/A,+++,NA / MSVQUF,,,,
User13,12/17/2020 at 6:40:21 pm EST,Imposter,Win,3,11m 37s,No,N/A,+++,NA / SXJLBF,,,,
User13,12/17/2020 at 6:26:53 pm EST,Imposter,Win,3,09m 48s,No,N/A,+++,NA / SXJLBF,,,,
User13,12/17/2020 at 6:14:28 pm EST,Imposter,Win,2,08m 31s,No,N/A,+++,NA / SXJLBF,,,,
User13,12/17/2020 at 6:04:53 pm EST,Imposter,Loss,2,16m 03s,No,N/A,-,NA / SXJLBF,,,,
User13,12/16/2020 at 4:44:14 pm EST,Imposter,Loss,2,05m 26s,No,N/A,-,NA / FFLMTQ,,,,
User13,12/16/2020 at 4:30:28 pm EST,Imposter,Win,1,01m 53s,No,N/A,N/A,NA / TGOHXQ,,,,
User13,12/16/2020 at 3:33:02 pm EST,Imposter,Win,2,02m 29s,No,N/A,N/A,NA / UDMKOF,,,,
User13,12/16/2020 at 3:23:32 pm EST,Imposter,Win,5,05m 43s,No,N/A,+++,NA / LBBXRQ,,,,
User13,12/15/2020 at 6:15:20 pm EST,Imposter,Win,3,15m 24s,No,N/A,+++,NA / AWYBXQ,,,,
User13,12/15/2020 at 5:24:47 pm EST,Imposter,Win,4,19m 44s,No,N/A,+++,NA / IUFFVF,,,,
User13,12/15/2020 at 9:30:04 am EST,Imposter,Loss,2,09m 59s,No,N/A,-,Europe / RIZQCF,,,,
User13,12/14/2020 at 4:10:00 pm EST,Imposter,Loss,3,19m 48s,No,N/A,-,Europe / KUJLBF,,,,
User13,12/08/2020 at 8:34:53 pm EST,Imposter,Win,4,09m 22s,No,N/A,+++,Europe / OUBRXQ,,,,
User13,12/08/2020 at 3:10:39 pm EST,Imposter,Win,1,02m 05s,No,N/A,N/A,Europe / KQABIF,,,,
User13,12/07/2020 at 10:32:50 pm EST,Imposter,Win,3,13m 13s,No,N/A,+++,NA / IKPWHF,,,,
User13,12/07/2020 at 12:37:58 am EST,Imposter,Loss,2,26m 40s,No,N/A,-,NA / HUTXKF,,,,
User13,12/06/2020 at 11:15:20 pm EST,Imposter,Win,3,13m 23s,No,N/A,+++,NA / HUTXKF,,,,
User13,12/06/2020 at 6:00:14 pm EST,Imposter,Win,4,16m 02s,No,N/A,+++,Europe / DSYWJF,,,,
User13,12/04/2020 at 8:38:49 pm EST,Imposter,Loss,3,14m 02s,No,N/A,-,NA / NRQIBF,,,,
User13,12/04/2020 at 5:35:28 pm EST,Imposter,Win,4,09m 19s,No,N/A,+++,NA / NLKPHF,,,,
User13,12/04/2020 at 4:10:53 pm EST,Imposter,Win,1,00m 46s,No,N/A,N/A,NA / ROKPWQ,,,,
User13,12/02/2020 at 7:06:32 am EST,Imposter,Win,2,00m 57s,No,N/A,N/A,NA / EFFLQQ,,,,
User13,12/02/2020 at 5:36:32 am EST,Imposter,Win,1,01m 49s,No,N/A,N/A,NA / RTBMCF,,,,
User13,12/02/2020 at 5:33:33 am EST,Imposter,Win,1,01m 01s,No,N/A,N/A,NA / PBSGVF,,,,
User14,12/17/2020 at 10:40:43 pm EST,Imposter,Loss,3,22m 35s,No,N/A,-,NA / SXJLBF,,,,
User14,12/17/2020 at 7:28:42 pm EST,Imposter,Win,3,12m 30s,No,N/A,+++,NA / SXJLBF,,,,
User14,12/17/2020 at 4:55:26 pm EST,Imposter,Loss,2,16m 49s,No,N/A,-,NA / EGAACF,,,,
User14,12/17/2020 at 4:36:23 pm EST,Imposter,Win,4,14m 55s,No,N/A,+++,NA / EGAACF,,,,
User14,12/16/2020 at 2:22:07 pm EST,Imposter,Win,3,09m 10s,No,N/A,+++,Europe / LZHLMF,,,,
User14,12/15/2020 at 5:44:03 pm EST,Imposter,Loss,3,13m 24s,No,N/A,-,NA / AWYBXQ,,,,
User14,12/14/2020 at 10:54:07 pm EST,Imposter,Win,2,10m 27s,No,N/A,+++,Europe / ONSXGF,,,,
User14,12/14/2020 at 10:22:49 pm EST,Imposter,Win,2,13m 53s,No,N/A,+++,Europe / ONSXGF,,,,
User14,12/14/2020 at 9:12:04 pm EST,Imposter,Win,4,15m 43s,No,N/A,+++,Europe / ONSXGF,,,,
User14,12/14/2020 at 3:10:10 am EST,Imposter,Win,4,08m 53s,No,N/A,+++,NA / BEXBOF,,,,
User14,12/14/2020 at 12:24:07 am EST,Imposter,Win,4,10m 12s,No,N/A,+++,NA / LKKLPQ,,,,
User14,12/13/2020 at 9:03:21 pm EST,Imposter,Win,3,19m 45s,No,N/A,+++,Europe / AHNVOF,,,,
User14,12/13/2020 at 8:42:41 pm EST,Imposter,Loss,1,05m 45s,No,N/A,--,Europe / AHNVOF,,,,
User14,12/13/2020 at 7:57:34 pm EST,Imposter,Win,2,03m 21s,No,N/A,N/A,Europe / AHNVOF,,,,
User14,12/13/2020 at 6:58:39 pm EST,Imposter,Win,1,04m 30s,No,N/A,N/A,NA / BRHQGF,,,,
User14,12/13/2020 at 3:03:34 pm EST,Imposter,Win,2,05m 07s,No,N/A,+++,NA / FDMAOF,,,,
User14,12/11/2020 at 12:08:58 am EST,Imposter,Win,2,08m 49s,No,N/A,+++,NA / EYNONF,,,,
User14,12/10/2020 at 11:31:45 pm EST,Imposter,Win,3,09m 25s,No,N/A,+++,NA / EYNONF,,,,
User14,12/10/2020 at 11:03:53 pm EST,Imposter,Win,3,18m 12s,No,N/A,+++,NA / EYNONF,,,,
User14,12/10/2020 at 10:07:58 pm EST,Imposter,Win,3,17m 02s,No,N/A,+++,NA / EYNONF,,,,
User14,12/10/2020 at 9:45:34 pm EST,Imposter,Win,2,08m 57s,No,N/A,+++,NA / EYNONF,,,,
User14,12/10/2020 at 9:03:58 pm EST,Imposter,Loss,2,07m 53s,No,N/A,-,NA / EYNONF,,,,
User14,12/10/2020 at 8:53:42 pm EST,Imposter,Loss,1,10m 36s,No,N/A,--,NA / EYNONF,,,,
User14,12/10/2020 at 12:34:33 am EST,Imposter,Win,1,03m 07s,Yes,N/A,N/A,Europe / KTQRWQ,,,,
User14,12/09/2020 at 10:28:23 pm EST,Imposter,Loss,2,13m 13s,No,N/A,-,Europe / BNDUNF,,,,
User14,12/09/2020 at 12:03:34 am EST,Imposter,Loss,2,12m 04s,No,N/A,-,Europe / VTTXQQ,,,,
User14,12/08/2020 at 11:48:43 pm EST,Imposter,Loss,2,15m 29s,No,N/A,-,Europe / VTTXQQ,,,,
User14,12/08/2020 at 11:14:31 pm EST,Imposter,Win,2,12m 03s,No,N/A,+++,Europe / VTTXQQ,,,,
User14,12/08/2020 at 10:41:20 pm EST,Imposter,Win,4,13m 01s,No,N/A,+++,Europe / VTTXQQ,,,,
User15,12/17/2020 at 9:41:51 pm EST,Imposter,Loss,0,21m 33s,No,N/A,--,NA / SXJLBF,,,,
User15,12/02/2020 at 4:19:23 pm EST,Imposter,Win,2,15m 18s,No,N/A,+++,Europe / TQQYQQ,,,,
User15,12/02/2020 at 12:54:57 am EST,Imposter,Loss,1,11m 45s,No,N/A,--,NA / KFTWCF,,,,
User15,12/01/2020 at 6:24:10 pm EST,Imposter,Loss,3,11m 25s,Yes,N/A,-,Europe / SADXGF,,,,
User15,12/01/2020 at 5:31:16 pm EST,Imposter,Win,3,09m 16s,No,N/A,+++,Europe / SADXGF,,,,
User15,11/28/2020 at 7:15:31 pm EST,Imposter,Win,3,05m 53s,No,N/A,+++,NA / XYBZDF,,,,
User16,12/22/2020 at 1:28:19 am EST,Imposter,Win,1,06m 38s,No,N/A,+++,NA / NHORMF,,,,
User16,12/21/2020 at 2:32:38 am EST,Imposter,Win,2,09m 04s,No,N/A,+++,NA / FVNGZF,,,,
User16,12/19/2020 at 6:29:45 am EST,Imposter,Win,1,07m 49s,No,N/A,+++,NA / ASJXIF,,,,
User16,12/19/2020 at 6:21:04 am EST,Imposter,Win,3,10m 30s,No,N/A,+++,NA / ASJXIF,,,,
User16,12/19/2020 at 6:09:49 am EST,Imposter,Win,2,15m 43s,No,N/A,+++,NA / ASJXIF,,,,
User16,12/19/2020 at 5:09:58 am EST,Imposter,Win,4,15m 55s,No,N/A,+++,NA / ASJXIF,,,,
User16,12/19/2020 at 3:59:34 am EST,Imposter,Win,3,09m 01s,No,N/A,+++,NA / ASJXIF,,,,
User16,12/19/2020 at 2:39:45 am EST,Imposter,Win,3,12m 05s,No,N/A,+++,NA / JYJKBF,,,,
User16,12/18/2020 at 4:02:30 am EST,Imposter,Win,1,08m 08s,No,N/A,+++,NA / OVGUMF,,,,
User16,12/18/2020 at 3:52:08 am EST,Imposter,Win,4,16m 45s,No,N/A,+++,NA / OVGUMF,,,,
User16,12/04/2020 at 11:15:30 pm EST,Imposter,Win,2,13m 03s,No,N/A,+++,NA / JPSWVF,,,,
User16,12/03/2020 at 1:52:53 am EST,Imposter,Win,3,09m 05s,No,N/A,+++,NA / GHOUHF,,,,
User16,12/03/2020 at 1:40:58 am EST,Imposter,Loss,3,11m 11s,No,N/A,-,NA / GHOUHF,,,,
User16,12/02/2020 at 1:04:23 am EST,Imposter,Win,2,04m 13s,No,N/A,N/A,NA / DYSIVF,,,,
User17,12/21/2020 at 5:18:07 pm EST,Imposter,Win,3,02m 37s,No,N/A,N/A,NA / FLDQTQ,,,,
User17,12/21/2020 at 3:21:56 pm EST,Imposter,Win,1,01m 06s,No,N/A,N/A,NA / WFGEPQ,,,,
User17,12/20/2020 at 6:34:26 pm EST,Imposter,Win,1,03m 01s,No,N/A,N/A,NA / RJPINF,,,,
User17,12/20/2020 at 6:30:56 pm EST,Imposter,Loss,0,01m 50s,Yes,N/A,N/A,NA / RJPINF,,,,
User17,12/20/2020 at 6:20:34 pm EST,Imposter,Win,1,00m 31s,No,N/A,N/A,NA / RJPINF,,,,
User17,12/20/2020 at 6:11:43 pm EST,Imposter,Win,2,03m 25s,No,N/A,N/A,NA / RJPINF,,,,
User17,12/20/2020 at 5:49:20 pm EST,Imposter,Win,3,05m 24s,No,N/A,+++,Europe / LQGWUF,,,,
User17,12/20/2020 at 5:37:30 pm EST,Imposter,Win,1,01m 59s,No,N/A,N/A,Europe / LQGWUF,,,,
User17,12/20/2020 at 11:19:03 am EST,Imposter,Win,2,10m 24s,No,N/A,+++,NA / DZZFDF,,,,
User17,12/20/2020 at 11:05:16 am EST,Imposter,Win,2,07m 31s,No,N/A,+++,NA / DZZFDF,,,,
User17,12/20/2020 at 10:50:21 am EST,Imposter,Win,3,06m 57s,No,N/A,+++,NA / DZZFDF,,,,
User17,12/20/2020 at 10:42:50 am EST,Imposter,Loss,1,02m 47s,Yes,N/A,N/A,NA / DZZFDF,,,,
User17,12/20/2020 at 10:33:44 am EST,Imposter,Win,1,02m 31s,No,N/A,N/A,NA / DZZFDF,,,,
User17,12/19/2020 at 5:29:47 pm EST,Imposter,Win,1,04m 47s,No,N/A,N/A,NA / HAKPCF,,,,
User17,12/19/2020 at 5:20:04 pm EST,Imposter,Win,1,10m 19s,No,N/A,+++,NA / HAKPCF,,,,
User17,12/19/2020 at 5:08:40 pm EST,Imposter,Loss,0,07m 43s,Yes,N/A,--,NA / HAKPCF,,,,
User18,12/22/2020 at 7:26:57 pm EST,Imposter,Loss,3,14m 13s,No,N/A,-,Europe / NMCIQQ,,,,
User18,12/22/2020 at 6:38:40 pm EST,Imposter,Win,5,12m 09s,No,N/A,+++,Europe / NMCIQQ,,,,
User18,12/19/2020 at 1:21:19 pm EST,Imposter,Loss,1,09m 35s,No,N/A,--,Europe / ZVBKBF,,,,
User18,12/18/2020 at 6:58:22 pm EST,Imposter,Loss,1,11m 03s,No,N/A,--,Europe / ZFCTGF,,,,
User18,12/18/2020 at 6:41:57 pm EST,Imposter,Loss,1,11m 02s,No,N/A,--,Europe / ZFCTGF,,,,
User18,12/18/2020 at 2:12:00 pm EST,Imposter,Loss,1,04m 55s,No,N/A,N/A,Europe / OEAIBF,,,,
User18,12/18/2020 at 1:45:57 pm EST,Imposter,Loss,2,16m 29s,No,N/A,-,Europe / OEAIBF,,,,
User18,12/18/2020 at 12:35:27 pm EST,Imposter,Loss,2,07m 06s,Yes,N/A,-,NA / DYSEIF,,,,
User18,12/17/2020 at 3:20:52 pm EST,Imposter,Loss,1,15m 42s,No,N/A,--,Europe / ZQKMJF,,,,
User18,12/16/2020 at 5:32:45 pm EST,Imposter,Loss,2,01m 51s,Yes,N/A,N/A,Europe / OOELCF,,,,
User18,12/16/2020 at 3:13:23 pm EST,Imposter,Win,3,09m 19s,No,N/A,+++,Europe / LZHLMF,,,,
User18,12/16/2020 at 2:39:03 pm EST,Imposter,Win,2,14m 00s,No,N/A,+++,Europe / LZHLMF,,,,
User18,12/15/2020 at 6:03:55 pm EST,Imposter,Loss,2,09m 25s,No,N/A,-,Europe / WXCBQQ,,,,
User18,12/13/2020 at 1:16:45 pm EST,Imposter,Loss,3,12m 12s,No,N/A,-,Europe / IWNVWQ,,,,
User18,12/13/2020 at 12:31:03 pm EST,Imposter,Loss,2,17m 12s,No,N/A,-,Europe / IWNVWQ,,,,
User18,12/13/2020 at 11:51:20 am EST,Imposter,Win,2,08m 54s,No,N/A,+++,Europe / IWNVWQ,,,,
User18,12/12/2020 at 7:17:30 pm EST,Imposter,Win,3,12m 17s,No,N/A,+++,Europe / PBLKRQ,,,,
User18,12/12/2020 at 6:21:39 pm EST,Imposter,Loss,3,11m 46s,No,N/A,-,Europe / PBLKRQ,,,,
User19,12/24/2020 at 2:07:45 pm EST,Imposter,Win,4,07m 17s,No,N/A,+++,NA / RBAUGF,,,,
User19,12/24/2020 at 1:59:08 pm EST,Imposter,Loss,1,12m 16s,Yes,N/A,--,NA / RBAUGF,,,,
User19,12/23/2020 at 9:52:36 pm EST,Imposter,Loss,3,12m 00s,No,N/A,-,NA / KYXYVF,,,,
User19,12/23/2020 at 9:52:35 pm EST,Imposter,Loss,3,12m 00s,No,N/A,-,NA / KYXYVF,,,,
User19,12/23/2020 at 8:46:29 pm EST,Imposter,Loss,2,09m 56s,No,N/A,-,NA / KYXYVF,,,,
User19,12/23/2020 at 8:46:29 pm EST,Imposter,Loss,2,09m 56s,No,N/A,-,NA / KYXYVF,,,,
User19,12/23/2020 at 7:37:30 pm EST,Imposter,Win,2,07m 29s,No,N/A,+++,NA / KYXYVF,,,,
User19,12/23/2020 at 7:37:30 pm EST,Imposter,Win,2,07m 29s,No,N/A,+++,NA / KYXYVF,,,,
User2,12/13/2020 at 1:22:51 am EST,Imposter,Loss,1,14m 26s,No,N/A,--,NA / KJYCCF,,,,
User2,12/12/2020 at 9:08:08 pm EST,Imposter,Loss,3,21m 05s,Yes,N/A,-,NA / JDVNCF,,,,
User2,12/12/2020 at 7:27:56 pm EST,Imposter,Win,2,04m 07s,No,N/A,N/A,NA / KMHWCF,,,,
User2,12/07/2020 at 7:38:42 pm EST,Imposter,Loss,2,11m 53s,Yes,N/A,-,NA / PJBMVF,,,,
User2,12/06/2020 at 8:53:12 pm EST,Imposter,Win,1,04m 38s,No,N/A,N/A,NA / ZQVGNF,,,,
User2,12/06/2020 at 8:43:25 pm EST,Imposter,Loss,1,08m 58s,No,N/A,--,NA / OFJUIF,,,,
User2,12/06/2020 at 8:32:20 pm EST,Imposter,Loss,3,13m 42s,Yes,N/A,-,NA / UFWSBF,,,,
User2,12/06/2020 at 8:00:17 pm EST,Imposter,Loss,1,12m 35s,No,N/A,--,NA / AUYZIF,,,,
User2,12/06/2020 at 6:11:03 pm EST,Imposter,Win,2,08m 03s,No,N/A,+++,NA / DNWQDF,,,,
User2,12/06/2020 at 4:02:47 pm EST,Imposter,Win,3,09m 15s,No,N/A,+++,NA / YNVBHF,,,,
User2,12/06/2020 at 2:54:28 pm EST,Imposter,Loss,1,09m 33s,Yes,N/A,--,NA / DCXAGF,,,,
User2,12/06/2020 at 2:43:41 pm EST,Imposter,Win,1,05m 05s,No,N/A,+++,NA / DCXAGF,,,,
User2,12/05/2020 at 8:35:09 pm EST,Imposter,Loss,0,06m 39s,No,N/A,--,NA / JXVBHF,,,,
User2,12/04/2020 at 5:30:21 pm EST,Imposter,Loss,2,16m 35s,No,N/A,-,NA / PYKXMF,,,,
User2,12/04/2020 at 4:56:10 pm EST,Imposter,Loss,2,12m 48s,No,N/A,-,NA / PYKXMF,,,,
User2,12/03/2020 at 1:17:44 am EST,Imposter,Loss,0,09m 15s,No,N/A,--,NA / SRWHUF,,,,
User2,12/02/2020 at 7:25:22 pm EST,Imposter,Win,2,07m 43s,No,N/A,+++,NA / UBXJNF,,,,
User2,12/02/2020 at 12:41:48 am EST,Imposter,Win,8,03m 14s,No,N/A,N/A,NA / TAPDDF,,,,
User2,12/02/2020 at 12:30:05 am EST,Imposter,Win,2,08m 57s,No,N/A,+++,NA / EMSSUF,,,,
User2,12/01/2020 at 10:37:18 pm EST,Imposter,Win,1,09m 06s,No,N/A,+++,NA / ARTYZF,,,,
User2,12/01/2020 at 10:22:54 pm EST,Imposter,Loss,0,18m 20s,No,N/A,--,NA / DGBXDF,,,,
User2,12/01/2020 at 9:54:26 pm EST,Imposter,Win,2,05m 50s,No,N/A,+++,NA / DGBXDF,,,,
User2,12/01/2020 at 9:48:21 pm EST,Imposter,Loss,2,05m 58s,Yes,N/A,-,NA / DGBXDF,,,,
User20,12/24/2020 at 12:04:31 pm EST,Imposter,Loss,2,04m 09s,No,N/A,N/A,NA / CKCUCF,,,,
User20,12/24/2020 at 11:19:05 am EST,Imposter,Win,2,05m 18s,No,N/A,+++,NA / CKCUCF,,,,
User20,12/24/2020 at 11:12:35 am EST,Imposter,Loss,1,04m 41s,No,N/A,N/A,NA / CKCUCF,,,,
User20,12/24/2020 at 11:07:23 am EST,Imposter,Win,1,00m 39s,No,N/A,N/A,NA / CKCUCF,,,,
User20,12/24/2020 at 11:03:05 am EST,Imposter,Win,1,00m 30s,No,N/A,N/A,NA / CKCUCF,,,,
User20,12/20/2020 at 4:09:35 pm EST,Imposter,Win,1,01m 51s,No,N/A,N/A,NA / BNZPBF,,,,
User20,12/18/2020 at 12:31:05 pm EST,Imposter,Win,1,03m 02s,No,N/A,N/A,NA / IZYEDF,,,,
User20,12/17/2020 at 8:37:09 pm EST,Imposter,Win,2,01m 50s,No,N/A,N/A,NA / UJVTRQ,,,,
User20,12/17/2020 at 6:52:09 pm EST,Imposter,Win,2,02m 10s,No,N/A,N/A,NA / KIHBNF,,,,
User20,12/17/2020 at 6:46:22 pm EST,Imposter,Win,2,02m 23s,No,N/A,N/A,NA / KIHBNF,,,,
User20,12/17/2020 at 6:21:18 pm EST,Imposter,Loss,1,01m 07s,No,N/A,N/A,NA / KIHBNF,,,,
User20,12/17/2020 at 5:54:55 pm EST,Imposter,Loss,1,01m 41s,No,N/A,N/A,NA / KIHBNF,,,,
User20,12/17/2020 at 2:36:33 pm EST,Imposter,Win,0,04m 57s,No,N/A,N/A,NA / NKVJTQ,,,,
User20,12/16/2020 at 11:47:46 am EST,Imposter,Loss,1,04m 36s,No,N/A,N/A,NA / VNUPXQ,,,,
User20,12/15/2020 at 10:12:21 pm EST,Imposter,Loss,3,06m 59s,No,N/A,-,NA / ZBRGWQ,,,,
User20,12/15/2020 at 8:25:21 pm EST,Imposter,Loss,3,06m 26s,Yes,N/A,-,NA / CYDTTQ,,,,
User21,12/25/2020 at 9:07:12 pm EST,Imposter,Loss,1,11m 25s,Yes,N/A,--,Europe / BKINIF,,,,
User21,12/25/2020 at 8:10:46 pm EST,Imposter,Win,2,16m 19s,Yes,N/A,+++,Europe / BKINIF,,,,
User21,12/25/2020 at 7:50:19 pm EST,Imposter,Loss,1,07m 34s,No,N/A,--,Europe / OIQBDF,,,,
User21,12/22/2020 at 12:53:26 pm EST,Imposter,Win,1,03m 56s,No,N/A,N/A,Europe / NMCIQQ,,,,
User21,12/22/2020 at 12:43:40 pm EST,Imposter,Win,2,09m 15s,No,N/A,+++,Europe / NMCIQQ,,,,
User21,12/21/2020 at 12:06:41 pm EST,Imposter,Loss,2,15m 39s,No,N/A,-,Europe / BOBWIF,,,,
User21,12/20/2020 at 5:05:49 pm EST,Imposter,Win,1,07m 25s,No,N/A,+++,NA / BXPKNF,,,,
User21,12/19/2020 at 5:00:10 pm EST,Imposter,Loss,2,18m 26s,No,N/A,-,Europe / QZBNZF,,,,
User21,12/11/2020 at 5:24:31 pm EST,Imposter,Win,2,00m 50s,No,N/A,N/A,Europe / EVPUMF,,,,
User21,12/02/2020 at 3:05:42 pm EST,Imposter,Win,3,17m 42s,No,N/A,+++,NA / ZLWXDF,,,,
User21,12/02/2020 at 2:46:41 pm EST,Imposter,Win,1,14m 38s,No,N/A,+++,NA / ZLWXDF,,,,
User21,12/02/2020 at 2:17:05 pm EST,Imposter,Loss,1,20m 36s,No,N/A,--,NA / ZLWXDF,,,,
User21,11/22/2020 at 2:03:47 pm EST,Imposter,Loss,4,11m 53s,No,N/A,-,NA / LCHPMF,,,,
User21,11/22/2020 at 1:42:29 pm EST,Imposter,Loss,1,01m 31s,Yes,N/A,N/A,NA / LCHPMF,,,,
User21,11/22/2020 at 1:13:20 pm EST,Imposter,Loss,2,24m 07s,No,N/A,-,NA / GMHOWQ,,,,
User21,11/22/2020 at 12:34:06 pm EST,Imposter,Win,1,02m 15s,No,N/A,N/A,Europe / GAHMVF,,,,
User21,11/21/2020 at 11:54:42 am EST,Imposter,Loss,0,15m 10s,No,N/A,--,NA / TTDHOF,,,,
User21,11/21/2020 at 11:39:07 am EST,Imposter,Loss,2,09m 39s,No,N/A,-,NA / TTDHOF,,,,
User22,12/27/2020 at 8:06:30 pm EST,Imposter,Loss,2,08m 40s,No,N/A,-,Europe / HZJCWQ,,,,
User22,12/27/2020 at 7:42:35 pm EST,Imposter,Loss,1,06m 49s,No,N/A,--,Europe / HZJCWQ,,,,
User22,12/04/2020 at 9:58:18 pm EST,Imposter,Win,3,08m 34s,No,N/A,+++,NA / CRQDGF,,,,
User22,12/04/2020 at 9:47:50 pm EST,Imposter,Loss,1,12m 15s,No,N/A,--,NA / CRQDGF,,,,
User22,11/28/2020 at 2:40:58 pm EST,Imposter,Loss,3,18m 50s,No,N/A,-,Europe / DJCWJF,,,,
User22,11/27/2020 at 10:20:36 pm EST,Imposter,Loss,4,13m 51s,Yes,N/A,-,Europe / JHDOOF,,,,
User22,11/27/2020 at 3:57:29 pm EST,Imposter,Win,4,13m 31s,No,N/A,+++,Europe / ACLNSF,,,,
User22,11/27/2020 at 1:54:01 am EST,Imposter,Win,1,21m 42s,No,N/A,+++,Europe / JJHDWQ,,,,
User22,11/27/2020 at 1:30:59 am EST,Imposter,Loss,2,18m 18s,Yes,N/A,-,Europe / JJHDWQ,,,,
User22,11/27/2020 at 12:17:36 am EST,Imposter,Loss,2,16m 00s,Yes,N/A,-,Europe / ATIEWQ,,,,
User22,11/26/2020 at 9:34:23 pm EST,Imposter,Loss,4,19m 34s,No,N/A,-,Europe / SJHCDF,,,,
User22,11/26/2020 at 4:32:31 pm EST,Imposter,Win,3,10m 40s,No,N/A,+++,Europe / TIMRQQ,,,,
User22,11/26/2020 at 3:01:20 pm EST,Imposter,Win,1,09m 31s,No,N/A,+++,Europe / TIMRQQ,,,,
User22,11/25/2020 at 11:22:31 pm EST,Imposter,Win,2,11m 25s,No,N/A,+++,NA / UHWTVF,,,,
User22,11/25/2020 at 11:03:21 pm EST,Imposter,Win,4,13m 20s,No,N/A,+++,NA / PQCGGF,,,,
User22,11/25/2020 at 10:20:40 pm EST,Imposter,Win,1,06m 17s,No,N/A,+++,NA / PMVNCF,,,,
User22,11/25/2020 at 8:31:04 pm EST,Imposter,Win,4,11m 09s,No,N/A,+++,NA / RMMVVF,,,,
User22,11/25/2020 at 7:54:36 pm EST,Imposter,Loss,2,20m 34s,Yes,N/A,-,NA / RMMVVF,,,,
User22,11/25/2020 at 6:10:28 pm EST,Imposter,Win,4,14m 12s,No,N/A,+++,NA / ETEEJF,,,,
User22,11/25/2020 at 5:54:23 pm EST,Imposter,Win,2,09m 54s,No,N/A,+++,NA / ETEEJF,,,,
User23,12/29/2020 at 9:20:03 pm EST,Imposter,Win,2,07m 45s,No,N/A,+++,NA / SRKQNF,,,,
User23,12/29/2020 at 8:20:08 pm EST,Imposter,Loss,1,04m 50s,Yes,N/A,N/A,NA / HUYDCF,,,,
User23,12/29/2020 at 7:43:42 pm EST,Imposter,Win,1,08m 08s,No,N/A,+++,NA / NJCRNF,,,,
User23,12/28/2020 at 1:35:57 am EST,Imposter,Win,2,11m 58s,No,N/A,+++,NA / TWGUMF,,,,
User23,12/28/2020 at 12:45:43 am EST,Imposter,Loss,1,15m 20s,Yes,N/A,--,NA / TWGUMF,,,,
User23,11/29/2020 at 9:58:54 pm EST,Imposter,Win,2,07m 50s,No,N/A,+++,NA / MSVQUF,,,,
User23,11/29/2020 at 9:11:11 pm EST,Imposter,Win,1,16m 14s,No,N/A,+++,NA / MSVQUF,,,,
User24,12/23/2020 at 12:24:39 pm EST,Imposter,Win,2,06m 18s,No,N/A,+++,NA / IJDWIF,,,,
User24,12/21/2020 at 12:09:37 pm EST,Imposter,Loss,3,10m 35s,Yes,N/A,-,NA / UIGAKF,,,,
User24,12/21/2020 at 11:49:07 am EST,Imposter,Win,4,12m 37s,No,N/A,+++,NA / UIGAKF,,,,
User24,12/16/2020 at 1:18:05 pm EST,Imposter,Win,6,03m 54s,No,N/A,N/A,NA / JRBNTQ,,,,
User24,12/16/2020 at 1:13:14 pm EST,Imposter,Win,6,03m 47s,No,N/A,N/A,NA / JRBNTQ,,,,
User24,12/15/2020 at 3:44:08 pm EST,Imposter,Loss,2,11m 57s,No,N/A,-,NA / PWJDHF,,,,
User24,12/15/2020 at 3:31:05 pm EST,Imposter,Loss,1,06m 23s,No,N/A,--,NA / PWJDHF,,,,
User25,12/07/2020 at 10:04:48 pm EST,Imposter,Win,2,05m 27s,No,N/A,+++,NA / XVMZZF,,,,
User25,12/05/2020 at 1:14:05 pm EST,Imposter,Loss,2,14m 50s,No,N/A,-,Europe / PRAHIF,,,,
User25,12/05/2020 at 11:03:46 am EST,Imposter,Loss,3,12m 30s,No,N/A,-,Europe / PRAHIF,,,,
User25,12/05/2020 at 10:49:25 am EST,Imposter,Loss,2,11m 36s,No,N/A,-,Europe / PRAHIF,,,,
User25,12/05/2020 at 9:11:48 am EST,Imposter,Loss,1,11m 09s,No,N/A,--,NA / CGXSUF,,,,
User25,12/05/2020 at 8:56:35 am EST,Imposter,Win,1,15m 47s,No,N/A,+++,NA / CGXSUF,,,,
User25,12/05/2020 at 12:00:32 am EST,Imposter,Win,2,14m 57s,No,N/A,+++,Europe / QFGWWQ,,,,
User25,12/04/2020 at 11:10:18 pm EST,Imposter,Loss,4,14m 53s,No,N/A,-,Europe / QFGWWQ,,,,
User25,12/04/2020 at 10:54:11 pm EST,Imposter,Win,4,10m 43s,No,N/A,+++,Europe / QFGWWQ,,,,
User25,12/04/2020 at 10:04:51 pm EST,Imposter,Win,2,07m 16s,No,N/A,+++,Europe / NMXCKF,,,,
User25,12/04/2020 at 8:29:38 pm EST,Imposter,Win,2,08m 33s,No,N/A,+++,Europe / DJDIUF,,,,
User25,12/04/2020 at 7:21:36 pm EST,Imposter,Win,2,11m 05s,No,N/A,+++,Europe / DJDIUF,,,,
User25,12/04/2020 at 5:55:08 pm EST,Imposter,Loss,3,09m 05s,No,N/A,-,Europe / HBCDWQ,,,,
User25,11/30/2020 at 7:23:04 pm EST,Imposter,Win,2,11m 03s,No,N/A,+++,NA / OXOEFF,,,,
User25,11/29/2020 at 9:51:46 pm EST,Imposter,Loss,3,15m 41s,No,N/A,-,NA / MXPBNF,,,,
User25,11/29/2020 at 8:50:38 pm EST,Imposter,Loss,3,17m 29s,No,N/A,-,NA / MSVQUF,,,,
User25,11/29/2020 at 7:28:50 pm EST,Imposter,Loss,2,05m 53s,No,N/A,-,NA / MSVQUF,,,,
User25,11/29/2020 at 4:51:32 pm EST,Imposter,Loss,3,16m 16s,Yes,N/A,-,Europe / PEWSHF,,,,
User25,11/29/2020 at 4:34:34 pm EST,Imposter,Win,3,12m 24s,No,N/A,+++,Europe / PEWSHF,,,,
User25,11/29/2020 at 4:21:15 pm EST,Imposter,Loss,5,16m 34s,Yes,N/A,-,Europe / PEWSHF,,,,
User26,12/31/2020 at 4:01:32 pm EST,Imposter,Win,2,12m 21s,Yes,N/A,+++,NA / JHRKDF,,,,
User26,12/31/2020 at 2:40:22 pm EST,Imposter,Win,2,03m 09s,No,N/A,N/A,NA / FKVQHF,,,,
User26,12/30/2020 at 1:24:08 pm EST,Imposter,Win,3,08m 40s,No,N/A,+++,NA / UCYXDF,,,,
User26,12/29/2020 at 9:03:14 pm EST,Imposter,Win,0,01m 13s,No,N/A,N/A,NA / LEOTHF,,,,
User26,12/29/2020 at 8:36:14 pm EST,Imposter,Loss,1,06m 54s,Yes,N/A,--,NA / LEOTHF,,,,
User26,12/29/2020 at 7:38:05 pm EST,Imposter,Loss,2,05m 11s,Yes,N/A,-,NA / MSRQUF,,,,
User26,12/29/2020 at 7:05:19 pm EST,Imposter,Loss,2,14m 28s,Yes,N/A,-,NA / MSRQUF,,,,
User26,12/28/2020 at 3:17:12 pm EST,Imposter,Win,0,04m 48s,No,N/A,N/A,NA / EXZKIF,,,,
User26,12/28/2020 at 1:52:15 pm EST,Imposter,Win,3,13m 10s,No,N/A,+++,NA / SSHIHF,,,,
User26,12/28/2020 at 1:35:04 pm EST,Imposter,Loss,2,14m 12s,No,N/A,-,NA / DDOWOF,,,,
User26,12/28/2020 at 1:19:49 pm EST,Imposter,Win,2,10m 06s,No,N/A,+++,NA / DDOWOF,,,,
User27,01/01/2021 at 3:39:23 pm EST,Imposter,Win,1,04m 25s,No,N/A,N/A,NA / PLHUUF,,,,
User27,12/15/2020 at 3:22:35 pm EST,Imposter,Win,2,05m 07s,No,N/A,+++,NA / TMCRNF,,,,
User27,12/15/2020 at 2:32:12 pm EST,Imposter,Loss,4,06m 23s,No,N/A,-,NA / TMCRNF,,,,
User27,12/12/2020 at 9:30:20 pm EST,Imposter,Loss,1,06m 54s,Yes,N/A,--,NA / GIMURQ,,,,
User27,12/12/2020 at 6:29:55 pm EST,Imposter,Win,2,04m 27s,No,N/A,N/A,NA / HTROPQ,,,,
User27,12/10/2020 at 11:21:42 pm EST,Imposter,Loss,1,02m 11s,Yes,N/A,N/A,NA / IMTHMF,,,,
User27,12/09/2020 at 8:00:25 pm EST,Imposter,Win,1,05m 37s,No,N/A,+++,NA / JBPHPQ,,,,
User27,12/09/2020 at 7:33:53 pm EST,Imposter,Win,0,01m 35s,No,N/A,N/A,NA / JBPHPQ,,,,
User27,12/09/2020 at 6:33:36 pm EST,Imposter,Win,2,02m 57s,No,N/A,N/A,NA / ZVSFRQ,,,,
User27,12/09/2020 at 6:30:09 pm EST,Imposter,Loss,2,05m 38s,Yes,N/A,-,NA / ZVSFRQ,,,,
User27,12/09/2020 at 6:15:18 pm EST,Imposter,Win,2,02m 53s,No,N/A,N/A,NA / ZVSFRQ,,,,
User27,12/08/2020 at 8:06:51 pm EST,Imposter,Win,3,05m 00s,No,N/A,+++,NA / XEPKNF,,,,
User27,12/07/2020 at 1:07:13 pm EST,Imposter,Win,1,02m 12s,No,N/A,N/A,NA / MXFVDF,,,,
User27,12/02/2020 at 10:02:36 am EST,Imposter,Win,1,01m 59s,No,N/A,N/A,NA / GXQQUF,,,,
User27,12/01/2020 at 8:49:18 pm EST,Imposter,Win,1,02m 16s,No,N/A,N/A,NA / JKYVFF,,,,
User27,12/01/2020 at 6:04:24 pm EST,Imposter,Loss,2,08m 23s,Yes,N/A,-,NA / WGGAHF,,,,
User27,12/01/2020 at 5:38:19 pm EST,Imposter,Loss,1,01m 47s,Yes,N/A,N/A,NA / WGGAHF,,,,
User27,12/01/2020 at 1:21:13 pm EST,Imposter,Win,2,03m 22s,No,N/A,N/A,NA / TOHVLQ,,,,
User27,11/30/2020 at 2:40:08 pm EST,Imposter,Win,2,03m 16s,No,N/A,N/A,NA / LFPGBF,,,,
User27,11/28/2020 at 11:18:33 am EST,Imposter,Win,2,02m 07s,No,N/A,N/A,NA / VPDHYQ,,,,
User28,01/04/2021 at 11:37:30 pm EST,Imposter,Win,1,08m 27s,No,N/A,+++,NA / JRMRHF,,,,
User28,01/04/2021 at 7:11:05 pm EST,Imposter,Win,1,03m 39s,No,N/A,N/A,NA / JKMIUF,,,,
User28,12/16/2020 at 7:18:30 pm EST,Imposter,Win,2,13m 22s,No,N/A,+++,NA / BAPQFF,,,,
User28,12/16/2020 at 7:18:30 pm EST,Imposter,Win,2,13m 22s,No,N/A,+++,NA / BAPQFF,,,,
User28,12/16/2020 at 7:01:33 pm EST,Imposter,Loss,1,06m 15s,Yes,N/A,--,NA / BAPQFF,,,,
User28,12/16/2020 at 7:01:33 pm EST,Imposter,Loss,1,06m 16s,Yes,N/A,--,NA / BAPQFF,,,,
User28,12/16/2020 at 6:33:24 pm EST,Imposter,Win,1,12m 08s,No,N/A,+++,NA / PTOYCF,,,,
User28,12/16/2020 at 6:33:24 pm EST,Imposter,Win,1,12m 08s,No,N/A,+++,NA / PTOYCF,,,,
User28,12/10/2020 at 5:36:02 pm EST,Imposter,Loss,2,10m 32s,Yes,N/A,-,NA / HSDQJF,,,,
User28,12/10/2020 at 5:36:02 pm EST,Imposter,Loss,2,10m 32s,Yes,N/A,-,NA / HSDQJF,,,,
User29,01/06/2021 at 10:11:51 am EST,Imposter,Win,2,05m 15s,No,N/A,+++,Europe / XEWROF,,,,
User29,12/11/2020 at 12:02:54 pm EST,Imposter,Win,0,14m 04s,No,N/A,+++,NA / NNNSXQ,,,,
User29,12/11/2020 at 11:45:28 am EST,Imposter,Loss,3,05m 56s,No,N/A,-,NA / NNNSXQ,,,,
User29,12/11/2020 at 11:38:14 am EST,Imposter,Loss,2,17m 30s,No,N/A,-,NA / NNNSXQ,,,,
User29,12/05/2020 at 12:08:12 pm EST,Imposter,Win,2,10m 14s,No,N/A,+++,Europe / PRAHIF,,,,
User29,12/05/2020 at 11:40:53 am EST,Imposter,Loss,1,15m 56s,No,N/A,--,Europe / PRAHIF,,,,
User29,12/01/2020 at 11:07:41 am EST,Imposter,Loss,2,14m 10s,No,N/A,-,NA / SNNGZF,,,,
User3,12/13/2020 at 1:47:10 am EST,Imposter,Win,2,03m 21s,No,N/A,N/A,NA / SEOHXQ,,,,
User3,12/13/2020 at 12:27:18 am EST,Imposter,Loss,3,13m 28s,No,N/A,-,NA / QQULHF,,,,
User3,12/12/2020 at 5:16:15 pm EST,Imposter,Win,2,14m 34s,No,N/A,+++,NA / WFUYNF,,,,
User3,12/12/2020 at 3:45:29 pm EST,Imposter,Loss,1,06m 07s,Yes,N/A,--,NA / WFUYNF,,,,
User3,12/12/2020 at 3:03:33 pm EST,Imposter,Loss,3,13m 11s,Yes,N/A,-,NA / WFUYNF,,,,
User3,12/12/2020 at 2:44:29 pm EST,Imposter,Win,3,13m 42s,No,N/A,+++,NA / WFUYNF,,,,
User3,12/12/2020 at 12:24:06 am EST,Imposter,Win,3,09m 46s,No,N/A,+++,NA / IMYXDF,,,,
User3,12/11/2020 at 11:41:36 pm EST,Imposter,Loss,2,10m 11s,No,N/A,-,NA / NIQAJF,,,,
User3,12/11/2020 at 10:37:46 pm EST,Imposter,Loss,1,16m 51s,No,N/A,--,NA / NIQAJF,,,,
User3,12/11/2020 at 9:26:03 pm EST,Imposter,Win,3,06m 00s,No,N/A,+++,NA / SUTHZF,,,,
User3,12/11/2020 at 9:10:47 pm EST,Imposter,Loss,3,14m 02s,Yes,N/A,-,NA / SUTHZF,,,,
User3,12/11/2020 at 8:15:30 pm EST,Imposter,Loss,1,06m 48s,Yes,N/A,--,NA / SUTHZF,,,,
User3,12/11/2020 at 8:04:36 pm EST,Imposter,Loss,1,06m 15s,Yes,N/A,--,NA / FTJEHF,,,,
User3,12/11/2020 at 7:54:53 pm EST,Imposter,Win,1,00m 19s,No,N/A,N/A,NA / FTJEHF,,,,
User3,12/10/2020 at 10:16:23 pm EST,Imposter,Loss,1,03m 04s,No,N/A,N/A,NA / OFUQVF,,,,
User3,12/10/2020 at 8:33:28 pm EST,Imposter,Win,3,10m 17s,No,N/A,+++,NA / ZRMIOF,,,,
User3,12/10/2020 at 3:10:48 pm EST,Imposter,Loss,1,07m 27s,Yes,N/A,--,NA / RMSVDF,,,,
User3,12/10/2020 at 2:36:35 pm EST,Imposter,Loss,2,07m 01s,Yes,N/A,-,NA / RMSVDF,,,,
User3,12/10/2020 at 1:21:29 am EST,Imposter,Loss,1,13m 42s,Yes,N/A,--,NA / OJFIGF,,,,
User3,11/20/2020 at 10:59:15 pm EST,Imposter,Loss,1,05m 02s,Yes,N/A,--,NA / THCKMF,,,,
User3,11/20/2020 at 10:14:38 pm EST,Imposter,Loss,2,07m 56s,Yes,N/A,-,NA / OXCPGF,,,,
User3,11/20/2020 at 10:06:17 pm EST,Imposter,Win,4,10m 18s,No,N/A,+++,NA / OXCPGF,,,,
User3,11/20/2020 at 9:29:41 pm EST,Imposter,Loss,0,09m 32s,Yes,N/A,--,NA / USGLIF,,,,
User4,12/12/2020 at 10:12:26 pm EST,Imposter,Loss,2,05m 45s,Yes,N/A,-,NA / GNZLNF,,,,
User4,12/11/2020 at 10:33:22 pm EST,Imposter,Loss,3,08m 49s,Yes,N/A,-,NA / OFYKKF,,,,
User4,12/11/2020 at 10:19:52 pm EST,Imposter,Loss,3,09m 16s,Yes,N/A,-,NA / OFYKKF,,,,
User4,12/11/2020 at 1:42:07 am EST,Imposter,Loss,3,06m 45s,No,N/A,-,NA / UGIVUF,,,,
User4,12/11/2020 at 1:31:12 am EST,Imposter,Win,3,09m 40s,No,N/A,+++,NA / UGIVUF,,,,
User4,12/11/2020 at 12:54:37 am EST,Imposter,Win,4,09m 22s,No,N/A,+++,NA / CZBSIF,,,,
User4,12/11/2020 at 12:16:08 am EST,Imposter,Loss,1,07m 16s,No,N/A,--,NA / CZBSIF,,,,
User4,12/11/2020 at 12:07:01 am EST,Imposter,Loss,2,09m 04s,No,N/A,-,NA / CZBSIF,,,,
User4,12/10/2020 at 11:52:49 pm EST,Imposter,Loss,3,06m 45s,Yes,N/A,-,NA / HATYVF,,,,
User4,12/10/2020 at 12:56:59 am EST,Imposter,Loss,2,08m 25s,No,N/A,-,NA / JLZNKF,,,,
User4,12/10/2020 at 12:20:27 am EST,Imposter,Win,2,07m 32s,No,N/A,+++,NA / JLZNKF,,,,
User4,12/10/2020 at 12:09:36 am EST,Imposter,Win,4,12m 24s,No,N/A,+++,NA / JLZNKF,,,,
User4,12/09/2020 at 11:33:09 pm EST,Imposter,Loss,2,18m 32s,No,N/A,-,NA / JLZNKF,,,,
User4,12/09/2020 at 10:06:17 pm EST,Imposter,Loss,4,08m 46s,Yes,N/A,-,NA / KVMHBF,,,,
User4,12/09/2020 at 9:52:31 pm EST,Imposter,Loss,3,10m 11s,Yes,N/A,-,NA / KVMHBF,,,,
User4,12/06/2020 at 11:18:24 pm EST,Imposter,Win,2,07m 35s,No,N/A,+++,NA / EXXLIF,,,,
User4,12/06/2020 at 9:14:41 pm EST,Imposter,Win,4,17m 00s,No,N/A,+++,NA / GKIYDF,,,,
User4,12/06/2020 at 8:45:47 pm EST,Imposter,Loss,3,06m 40s,Yes,N/A,-,NA / PNSEMF,,,,
User4,12/03/2020 at 11:56:02 pm EST,Imposter,Win,5,02m 22s,No,N/A,N/A,NA / TZLCBF,,,,
User5,12/12/2020 at 10:20:37 pm EST,Imposter,Loss,2,23m 02s,No,N/A,-,Europe / PBLKRQ,,,,
User5,12/12/2020 at 9:13:55 pm EST,Imposter,Win,2,17m 25s,No,N/A,+++,Europe / PBLKRQ,,,,
User5,12/10/2020 at 10:08:03 pm EST,Imposter,Win,2,17m 03s,No,N/A,+++,NA / EYNONF,,,,
User5,12/09/2020 at 7:08:28 pm EST,Imposter,Win,1,24m 23s,No,N/A,+++,Europe / JVTJWQ,,,,
User6,12/11/2020 at 2:20:36 pm EST,Imposter,Win,4,14m 25s,Yes,N/A,+++,Europe / ONSJWQ,,,,
User6,12/11/2020 at 2:04:24 pm EST,Imposter,Loss,2,16m 53s,No,N/A,-,Europe / ONSJWQ,,,,
User6,12/11/2020 at 1:15:23 pm EST,Imposter,Win,4,01m 06s,No,N/A,N/A,Europe / ONSJWQ,,,,
User6,12/11/2020 at 12:42:59 pm EST,Imposter,Loss,2,12m 22s,No,N/A,-,NA / NNNSXQ,,,,
User6,12/11/2020 at 12:21:53 pm EST,Imposter,Loss,1,05m 07s,No,N/A,--,NA / NNNSXQ,,,,
User6,12/11/2020 at 12:45:31 am EST,Imposter,Win,4,09m 18s,No,N/A,+++,NA / EYNONF,,,,
User6,12/10/2020 at 9:34:26 pm EST,Imposter,Win,1,09m 57s,No,N/A,+++,NA / EYNONF,,,,
User6,12/06/2020 at 7:57:00 pm EST,Imposter,Win,2,16m 32s,No,N/A,+++,Europe / DSYWJF,,,,
User6,12/06/2020 at 6:50:46 pm EST,Imposter,Loss,1,20m 36s,No,N/A,--,Europe / DSYWJF,,,,
User6,12/06/2020 at 11:34:24 am EST,Imposter,Win,4,12m 38s,No,N/A,+++,Europe / HRGJOF,,,,
User6,12/06/2020 at 10:52:04 am EST,Imposter,Win,6,15m 48s,No,N/A,+++,Europe / RHZBNF,,,,
User6,12/06/2020 at 9:42:54 am EST,Imposter,Loss,4,16m 53s,No,N/A,-,Europe / FFNQHF,,,,
User6,12/05/2020 at 10:00:07 pm EST,Imposter,Loss,1,17m 18s,Yes,N/A,--,Europe / WHOYGF,,,,
User6,12/05/2020 at 5:52:29 pm EST,Imposter,Win,3,14m 29s,No,N/A,+++,NA / BODLCF,,,,
User7,12/13/2020 at 3:28:39 pm EST,Imposter,Loss,1,06m 12s,No,N/A,--,NA / GTJRIF,,,,
User7,12/13/2020 at 5:10:15 am EST,Imposter,Loss,5,20m 15s,No,N/A,-,NA / TLMVVF,,,,
User7,12/13/2020 at 4:21:11 am EST,Imposter,Win,1,09m 51s,No,N/A,+++,NA / TLMVVF,,,,
User7,12/11/2020 at 2:20:36 pm EST,Imposter,Win,4,14m 25s,Yes,N/A,+++,Europe / ONSJWQ,,,,
User7,12/11/2020 at 2:04:24 pm EST,Imposter,Loss,2,16m 53s,No,N/A,-,Europe / ONSJWQ,,,,
User7,12/11/2020 at 1:15:23 pm EST,Imposter,Win,4,01m 06s,No,N/A,N/A,Europe / ONSJWQ,,,,
User7,12/11/2020 at 12:42:59 pm EST,Imposter,Loss,2,12m 22s,No,N/A,-,NA / NNNSXQ,,,,
User7,12/11/2020 at 12:21:53 pm EST,Imposter,Loss,1,05m 07s,No,N/A,--,NA / NNNSXQ,,,,
User7,12/11/2020 at 12:45:31 am EST,Imposter,Win,4,09m 18s,No,N/A,+++,NA / EYNONF,,,,
User7,12/10/2020 at 9:34:26 pm EST,Imposter,Win,1,09m 57s,No,N/A,+++,NA / EYNONF,,,,
User7,12/06/2020 at 7:57:00 pm EST,Imposter,Win,2,16m 32s,No,N/A,+++,Europe / DSYWJF,,,,
User7,12/06/2020 at 6:50:46 pm EST,Imposter,Loss,1,20m 36s,No,N/A,--,Europe / DSYWJF,,,,
User7,12/06/2020 at 11:34:24 am EST,Imposter,Win,4,12m 38s,No,N/A,+++,Europe / HRGJOF,,,,
User7,12/06/2020 at 10:52:04 am EST,Imposter,Win,6,15m 48s,No,N/A,+++,Europe / RHZBNF,,,,
User7,12/06/2020 at 9:42:54 am EST,Imposter,Loss,4,16m 53s,No,N/A,-,Europe / FFNQHF,,,,
User8,12/13/2020 at 9:12:09 pm EST,Imposter,Loss,2,08m 19s,No,N/A,-,Europe / AHNVOF,,,,
User8,12/13/2020 at 7:30:23 pm EST,Imposter,Win,3,05m 00s,No,N/A,+++,NA / BRHQGF,,,,
User8,12/13/2020 at 7:09:18 pm EST,Imposter,Win,3,09m 23s,No,N/A,+++,NA / BRHQGF,,,,
User8,12/01/2020 at 1:05:05 pm EST,Imposter,Loss,1,15m 19s,Yes,N/A,--,Europe / SADXGF,,,,
User8,11/30/2020 at 8:19:06 pm EST,Imposter,Win,4,13m 35s,No,N/A,+++,NA / DOQJHF,,,,
User8,11/30/2020 at 7:33:45 pm EST,Imposter,Win,3,12m 22s,No,N/A,+++,NA / WJFFHF,,,,
User8,11/30/2020 at 6:38:04 pm EST,Imposter,Loss,3,18m 43s,No,N/A,-,NA / WJFFHF,,,,
User8,11/27/2020 at 8:14:26 pm EST,Imposter,Loss,3,10m 18s,Yes,N/A,-,Europe / UOOUCF,,,,
User8,11/27/2020 at 12:49:45 am EST,Imposter,Win,4,15m 15s,No,N/A,+++,Europe / ATIEWQ,,,,
User8,11/26/2020 at 10:45:47 pm EST,Imposter,Loss,1,06m 47s,No,N/A,--,Europe / SJHCDF,,,,
User8,11/26/2020 at 5:29:57 pm EST,Imposter,Win,3,08m 44s,No,N/A,+++,Europe / IMZDKF,,,,
User8,11/26/2020 at 5:04:48 pm EST,Imposter,Win,3,16m 51s,No,N/A,+++,Europe / IMZDKF,,,,
User8,11/26/2020 at 1:29:20 pm EST,Imposter,Loss,4,16m 33s,Yes,N/A,-,Europe / QKUZDF,,,,
User8,11/26/2020 at 1:12:02 pm EST,Imposter,Loss,1,10m 06s,Yes,N/A,--,Europe / QKUZDF,,,,
User8,11/26/2020 at 12:59:34 pm EST,Imposter,Win,1,03m 50s,No,N/A,N/A,Europe / QKUZDF,,,,
User8,11/26/2020 at 12:46:42 pm EST,Imposter,Loss,1,06m 46s,No,N/A,--,Europe / QKUZDF,,,,
User8,11/25/2020 at 2:09:55 am EST,Imposter,Win,2,14m 12s,No,N/A,+++,Europe / MRISXQ,,,,
User8,11/25/2020 at 1:26:51 am EST,Imposter,Win,2,16m 41s,No,N/A,+++,Europe / LGXHBF,,,,
User8,11/25/2020 at 12:18:37 am EST,Imposter,Win,2,04m 09s,No,N/A,N/A,Europe / LGXHBF,,,,
User9,12/12/2020 at 9:35:20 pm EST,Imposter,Loss,3,20m 04s,No,N/A,-,Europe / PBLKRQ,,,,
User9,12/12/2020 at 8:39:38 pm EST,Imposter,Loss,4,22m 08s,No,N/A,-,Europe / PBLKRQ,,,,
User9,12/12/2020 at 7:17:27 pm EST,Imposter,Win,1,12m 18s,No,N/A,+++,Europe / PBLKRQ,,,,
User9,12/12/2020 at 7:03:28 pm EST,Imposter,Win,2,09m 49s,No,N/A,+++,Europe / PBLKRQ,,,,
User9,12/12/2020 at 6:51:49 pm EST,Imposter,Loss,3,15m 05s,No,N/A,-,Europe / PBLKRQ,,,,
User9,12/12/2020 at 6:33:18 pm EST,Imposter,Win,3,11m 08s,No,N/A,+++,Europe / PBLKRQ,,,,
User9,12/11/2020 at 3:30:33 pm EST,Imposter,Loss,1,12m 20s,Yes,N/A,--,Europe / BFRJCF,,,,
User9,12/08/2020 at 2:27:39 pm EST,Imposter,Loss,2,15m 19s,No,N/A,-,Europe / HKTMKF,,,,
User9,12/08/2020 at 2:11:05 pm EST,Imposter,Win,1,07m 38s,No,N/A,+++,Europe / HKTMKF,,,,
User9,12/07/2020 at 4:14:39 pm EST,Imposter,Win,2,10m 08s,No,N/A,+++,NA / BRUYNF,,,,
User9,12/06/2020 at 8:26:19 pm EST,Imposter,Loss,5,10m 59s,No,N/A,-,Europe / DSYWJF,,,,
User9,12/06/2020 at 5:42:27 pm EST,Imposter,Loss,1,04m 14s,Yes,N/A,N/A,Europe / DSYWJF,,,,
User9,12/03/2020 at 11:59:29 am EST,Imposter,Win,2,11m 35s,No,N/A,+++,Europe / GFTTKF,,,,
User9,12/03/2020 at 11:47:00 am EST,Imposter,Win,2,09m 08s,No,N/A,+++,Europe / GFTTKF,,,,
User9,12/02/2020 at 3:05:42 pm EST,Imposter,Win,4,17m 41s,No,N/A,+++,NA / ZLWXDF,,,,
User9,12/02/2020 at 2:46:41 pm EST,Imposter,Win,4,14m 01s,No,N/A,+++,NA / ZLWXDF,,,,
User9,11/29/2020 at 10:17:27 pm EST,Imposter,Loss,2,12m 35s,No,N/A,-,NA / MSVQUF,,,,
User9,11/29/2020 at 2:42:36 pm EST,Imposter,Win,1,12m 44s,No,N/A,+++,Europe / NZXBDF,,,,
User9,11/29/2020 at 12:41:24 pm EST,Imposter,Win,2,12m 31s,No,N/A,+++,Europe / ODVUBF,,,,
User9,11/28/2020 at 4:30:47 pm EST,Imposter,Win,2,05m 15s,No,N/A,+++,Europe / DJCWJF,,,,
User9,11/28/2020 at 12:57:06 pm EST,Imposter,Loss,2,11m 02s,No,N/A,-,Europe / DJCWJF,,,,
